Run,Assay Type,BioProject,BioSample,Center Name,Consent,DATASTORE filetype,DATASTORE provider,DATASTORE region,Experiment,GEO_Accession (exp),Instrument,LibraryLayout,LibrarySelection,LibrarySource,Organism,Platform,ReleaseDate,Sample Name,SRA Study,AvgSpotLen,Bases,Bytes,create_date,version,lab,sex,donor_id,AGE,dev_stage,sample_type,health_state,cell_line,Source,tissue,cell_type,ENCODE_accession,biosample_type,passage_number,Collection_Date,geo_loc_name_country,geo_loc_name_country_continent,geographic_location,Library Name,source_name,BIOMATERIAL_PROVIDER,replicate,datatype_description,datatype,rnaextract,rnaextract_description,labexpid,readtype,BioRep,labversion,readtype_description,localization_description,treatments,localization,subcellular_fraction_term_name,biosample_term_name,Description,cell_sex,spikeinpool,Protocol_description,protocol,cell_description,cell_lineage,replicate_description,read_name_barcode_proc_directive (run),cell_karyotype,cell_organism,intentional_duplicate (run),BIOMATERIAL_TYPE,Note,insertlength,mapalgorithm_description,mapalgorithm,Line,Treatment_Description,cell,lab_description,antibody_antibodydescription,antibody,antibody_targetdescription,antibody_vendorid,antibody_vendorname,RUN_SEQUENCE_LENGTH (run),treatment,cell-type,rna-type,shRNA_expression,instrument_model (run),quality_scoring_system (run),cells,softwareversion,quality_book_char (run),dataset_short_name,dataset_batch,nucleic_acid_type,library_selection
SRR4421313,RNA-Seq,PRJNA30709,SAMN05897338,GEO,public,"fastq,run.zq,sra","gs,ncbi,s3","gs.us-east1,ncbi.public,s3.us-east-1",SRX2243622,GSM2343211,Illumina HiSeq 2500,PAIRED,cDNA,TRANSCRIPTOMIC,Homo sapiens,ILLUMINA,2016-11-14T00:00:00Z,ENCODE biosample ENCBS581JIS,SRP013565,202,8963295904,6113238976,2016-10-18T09:05:00Z,1.0,"Thomas Gingeras, CSHL",female,ENCDO793LXB,53 year,adult,tissue,,,,sigmoid colon,,,,,,,,,,,,,,,,,,,,,,,,,,,,,,,,,,,,,,,,,,,,,,,,,,,,,,,,,,,,,,,rozowsky,rozowsky,total RNA,whole-transcriptome
SRR4421314,RNA-Seq,PRJNA30709,SAMN05897325,GEO,public,"fastq,run.zq,sra","gs,ncbi,s3","gs.us-east1,ncbi.public,s3.us-east-1",SRX2243623,GSM2343213,Illumina HiSeq 2500,PAIRED,cDNA,TRANSCRIPTOMIC,Homo sapiens,ILLUMINA,2016-11-14T00:00:00Z,ENCODE biosample ENCBS571LWZ,SRP013565,202,10118839328,7149499925,2016-10-14T08:47:00Z,1.0,"Thomas Gingeras, CSHL",female,ENCDO793LXB,53 year,adult,tissue,,,,esophagus muscularis mucosa,,,,,,,,,,,,,,,,,,,,,,,,,,,,,,,,,,,,,,,,,,,,,,,,,,,,,,,,,,,,,,,rozowsky,rozowsky,total RNA,whole-transcriptome
SRR4421334,RNA-Seq,PRJNA30709,SAMN05897134,GEO,public,"fastq,run.zq,sra","gs,ncbi,s3","gs.us-east1,ncbi.public,s3.us-east-1",SRX2243643,GSM2343230,Illumina HiSeq 2500,PAIRED,cDNA,TRANSCRIPTOMIC,Homo sapiens,ILLUMINA,2016-11-14T00:00:00Z,ENCODE biosample ENCBS379XNT,SRP013565,202,5792640880,4452693682,2016-10-14T05:32:00Z,1.0,"Thomas Gingeras, CSHL",male,ENCDO451RUA,54 year,adult,tissue,,,,spleen,,,,,,,,,,,,,,,,,,,,,,,,,,,,,,,,,,,,,,,,,,,,,,,,,,,,,,,,,,,,,,,rozowsky,rozowsky,total RNA,whole-transcriptome
SRR4421337,RNA-Seq,PRJNA30709,SAMN05897125,GEO,public,"fastq,run.zq,sra","gs,ncbi,s3","gs.us-east1,ncbi.public,s3.us-east-1",SRX2243646,GSM2343233,Illumina HiSeq 2500,PAIRED,cDNA,TRANSCRIPTOMIC,Homo sapiens,ILLUMINA,2016-11-14T00:00:00Z,ENCODE biosample ENCBS368KLM,SRP013565,202,7988229582,6101461902,2016-10-14T01:38:00Z,1.0,"Thomas Gingeras, CSHL",male,ENCDO451RUA,54 year,adult,tissue,,,,suprapubic skin,,,,,,,,,,,,,,,,,,,,,,,,,,,,,,,,,,,,,,,,,,,,,,,,,,,,,,,,,,,,,,,rozowsky,rozowsky,total RNA,whole-transcriptome
SRR4421350,RNA-Seq,PRJNA30709,SAMN05896982,GEO,public,"fastq,run.zq,sra","gs,ncbi,s3","gs.us-east1,ncbi.public,s3.us-east-1",SRX2243659,GSM2343241,Illumina HiSeq 2500,PAIRED,cDNA,TRANSCRIPTOMIC,Homo sapiens,ILLUMINA,2016-11-14T00:00:00Z,ENCODE biosample ENCBS210YNQ,SRP013565,202,14024081896,10263007599,2016-10-14T09:50:00Z,1.0,"Thomas Gingeras, CSHL",female,ENCDO793LXB,53 year,adult,tissue,,,,uterus,,,,,,,,,,,,,,,,,,,,,,,,,,,,,,,,,,,,,,,,,,,,,,,,,,,,,,,,,,,,,,,rozowsky,rozowsky,total RNA,whole-transcriptome
SRR4421394,RNA-Seq,PRJNA30709,SAMN05896924,GEO,public,"fastq,run.zq,sra","gs,ncbi,s3","gs.us-east1,ncbi.public,s3.us-east-1",SRX2243703,GSM2343283,Illumina HiSeq 2500,PAIRED,cDNA,TRANSCRIPTOMIC,Homo sapiens,ILLUMINA,2016-11-14T00:00:00Z,ENCODE biosample ENCBS158OEU,SRP013565,202,14842924448,10693816782,2016-10-13T18:24:00Z,1.0,"Thomas Gingeras, CSHL",female,ENCDO793LXB,53 year,adult,tissue,,,,vagina,,,,,,,,,,,,,,,,,,,,,,,,,,,,,,,,,,,,,,,,,,,,,,,,,,,,,,,,,,,,,,,rozowsky,rozowsky,total RNA,whole-transcriptome
SRR4421395,RNA-Seq,PRJNA30709,SAMN05897361,GEO,public,"fastq,run.zq,sra","gs,ncbi,s3","gs.us-east1,ncbi.public,s3.us-east-1",SRX2243704,GSM2343284,Illumina HiSeq 2500,PAIRED,cDNA,TRANSCRIPTOMIC,Homo sapiens,ILLUMINA,2016-11-14T00:00:00Z,ENCODE biosample ENCBS606FXX,SRP013565,202,9551262152,6592335339,2016-10-13T19:55:00Z,1.0,"Thomas Gingeras, CSHL",female,ENCDO271OUW,51 year,adult,tissue,,,,subcutaneous adipose tissue,,,,,,,,,,,,,,,,,,,,,,,,,,,,,,,,,,,,,,,,,,,,,,,,,,,,,,,,,,,,,,,rozowsky,rozowsky,total RNA,whole-transcriptome
SRR4421429,RNA-Seq,PRJNA30709,SAMN05897449,GEO,public,"fastq,run.zq,sra","gs,ncbi,s3","gs.us-east1,ncbi.public,s3.us-east-1",SRX2243738,GSM2343297,Illumina HiSeq 2500,PAIRED,cDNA,TRANSCRIPTOMIC,Homo sapiens,ILLUMINA,2016-11-14T00:00:00Z,ENCODE biosample ENCBS689JVM,SRP013565,202,9975945134,7062906546,2016-10-14T08:53:00Z,1.0,"Thomas Gingeras, CSHL",female,ENCDO271OUW,51 year,adult,tissue,,,,omental fat pad,,,,,,,,,,,,,,,,,,,,,,,,,,,,,,,,,,,,,,,,,,,,,,,,,,,,,,,,,,,,,,,rozowsky,rozowsky,total RNA,whole-transcriptome
SRR4421449,RNA-Seq,PRJNA30709,SAMN05896911,GEO,public,"fastq,run.zq,sra","gs,ncbi,s3","gs.us-east1,ncbi.public,s3.us-east-1",SRX2243758,GSM2343350,Illumina HiSeq 2500,PAIRED,cDNA,TRANSCRIPTOMIC,Homo sapiens,ILLUMINA,2016-11-14T00:00:00Z,ENCODE biosample ENCBS146EHL,SRP013565,202,8771513266,6249272075,2016-10-13T22:52:00Z,1.0,"Thomas Gingeras, CSHL",male,ENCDO845WKR,37 year,adult,tissue,,,,esophagus muscularis mucosa,,,,,,,,,,,,,,,,,,,,,,,,,,,,,,,,,,,,,,,,,,,,,,,,,,,,,,,,,,,,,,,rozowsky,rozowsky,total RNA,whole-transcriptome
SRR4421468,RNA-Seq,PRJNA30709,SAMN05897023,GEO,public,"fastq,run.zq,sra","gs,ncbi,s3","gs.us-east1,ncbi.public,s3.us-east-1",SRX2243777,GSM2343387,Illumina HiSeq 2500,PAIRED,cDNA,TRANSCRIPTOMIC,Homo sapiens,ILLUMINA,2016-11-14T00:00:00Z,ENCODE biosample ENCBS253SDK,SRP013565,202,8153075520,6190469801,2016-10-13T22:52:00Z,1.0,"Thomas Gingeras, CSHL",female,ENCDO271OUW,51 year,adult,tissue,,,,spleen,,,,,,,,,,,,,,,,,,,,,,,,,,,,,,,,,,,,,,,,,,,,,,,,,,,,,,,,,,,,,,,rozowsky,rozowsky,total RNA,whole-transcriptome
SRR4421506,RNA-Seq,PRJNA30709,SAMN05897547,GEO,public,"fastq,run.zq,sra","gs,ncbi,s3","gs.us-east1,ncbi.public,s3.us-east-1",SRX2243814,GSM2343447,Illumina HiSeq 2500,PAIRED,cDNA,TRANSCRIPTOMIC,Homo sapiens,ILLUMINA,2016-11-14T00:00:00Z,ENCODE biosample ENCBS773RMK,SRP013565,202,8329486766,5941928566,2016-10-13T23:47:00Z,1.0,"Thomas Gingeras, CSHL",female,ENCDO793LXB,53 year,adult,tissue,,,,right lobe of liver,,,,,,,,,,,,,,,,,,,,,,,,,,,,,,,,,,,,,,,,,,,,,,,,,,,,,,,,,,,,,,,rozowsky,rozowsky,total RNA,whole-transcriptome
SRR4421528,RNA-Seq,PRJNA30709,SAMN05896977,GEO,public,"fastq,run.zq,sra","gs,ncbi,s3","gs.us-east1,ncbi.public,s3.us-east-1",SRX2243836,GSM2343466,Illumina HiSeq 2500,PAIRED,cDNA,TRANSCRIPTOMIC,Homo sapiens,ILLUMINA,2016-11-14T00:00:00Z,ENCODE biosample ENCBS207DLU,SRP013565,202,4279289200,2846780908,2016-10-15T11:22:00Z,1.0,"Thomas Gingeras, CSHL",female,ENCDO793LXB,53 year,adult,tissue,,,,thyroid gland,,,,,,,,,,,,,,,,,,,,,,,,,,,,,,,,,,,,,,,,,,,,,,,,,,,,,,,,,,,,,,,rozowsky,rozowsky,total RNA,whole-transcriptome
SRR4421529,RNA-Seq,PRJNA30709,SAMN05896977,GEO,public,"fastq,run.zq,sra","gs,ncbi,s3","gs.us-east1,ncbi.public,s3.us-east-1",SRX2243836,GSM2343466,Illumina HiSeq 2500,PAIRED,cDNA,TRANSCRIPTOMIC,Homo sapiens,ILLUMINA,2016-11-14T00:00:00Z,ENCODE biosample ENCBS207DLU,SRP013565,202,10562200240,3856720476,2016-10-14T14:37:00Z,1.0,"Thomas Gingeras, CSHL",female,ENCDO793LXB,53 year,adult,tissue,,,,thyroid gland,,,,,,,,,,,,,,,,,,,,,,,,,,,,,,,,,,,,,,,,,,,,,,,,,,,,,,,,,,,,,,,rozowsky,rozowsky,total RNA,whole-transcriptome
SRR4421545,RNA-Seq,PRJNA30709,SAMN05897718,GEO,public,"fastq,run.zq,sra","gs,ncbi,s3","gs.us-east1,ncbi.public,s3.us-east-1",SRX2243852,GSM2343483,Illumina HiSeq 2500,PAIRED,cDNA,TRANSCRIPTOMIC,Homo sapiens,ILLUMINA,2016-11-14T00:00:00Z,ENCODE biosample ENCBS943XLR,SRP013565,202,8948009150,6724859401,2016-10-13T17:56:00Z,1.0,"Thomas Gingeras, CSHL",male,ENCDO451RUA,54 year,adult,tissue,,,,Peyer's patch,,,,,,,,,,,,,,,,,,,,,,,,,,,,,,,,,,,,,,,,,,,,,,,,,,,,,,,,,,,,,,,rozowsky,rozowsky,total RNA,whole-transcriptome
SRR4421566,RNA-Seq,PRJNA30709,SAMN05897230,GEO,public,"fastq,run.zq,sra","gs,ncbi,s3","gs.us-east1,ncbi.public,s3.us-east-1",SRX2243873,GSM2343503,Illumina HiSeq 2500,PAIRED,cDNA,TRANSCRIPTOMIC,Homo sapiens,ILLUMINA,2016-11-14T00:00:00Z,ENCODE biosample ENCBS473HNM,SRP013565,202,12706911606,9326054171,2016-10-14T15:27:00Z,1.0,"Thomas Gingeras, CSHL",female,ENCDO271OUW,51 year,adult,tissue,,,,tibial nerve,,,,,,,,,,,,,,,,,,,,,,,,,,,,,,,,,,,,,,,,,,,,,,,,,,,,,,,,,,,,,,,rozowsky,rozowsky,total RNA,whole-transcriptome
SRR4421567,RNA-Seq,PRJNA30709,SAMN05897001,GEO,public,"fastq,run.zq","gs,ncbi,s3","gs.us-east1,ncbi.public,s3.us-east-1",SRX2243874,GSM2343506,Illumina HiSeq 2000,PAIRED,cDNA,TRANSCRIPTOMIC,Homo sapiens,ILLUMINA,2016-11-14T00:00:00Z,ENCODE biosample ENCBS227VDO,SRP013565,202,6896175970,4555952684,,,"Thomas Gingeras, CSHL",male,ENCDO845WKR,37 year,adult,tissue,,,,adrenal gland,,,,,,,,,,,,,,,,,,,,,,,,,,,,,,,,,,,,,,,,,,,,,,,,,,,,,,,,,,,,,,,rozowsky,rozowsky,total RNA,whole-transcriptome
SRR4421568,RNA-Seq,PRJNA30709,SAMN05897001,GEO,public,"fastq,run.zq,sra","gs,ncbi,s3","gs.us-east1,ncbi.public,s3.us-east-1",SRX2243875,GSM2343507,Illumina HiSeq 2000,PAIRED,cDNA,TRANSCRIPTOMIC,Homo sapiens,ILLUMINA,2016-11-14T00:00:00Z,ENCODE biosample ENCBS227VDO,SRP013565,202,8648592428,5636818361,2016-10-14T02:38:00Z,1.0,"Thomas Gingeras, CSHL",male,ENCDO845WKR,37 year,adult,tissue,,,,adrenal gland,,,,,,,,,,,,,,,,,,,,,,,,,,,,,,,,,,,,,,,,,,,,,,,,,,,,,,,,,,,,,,,rozowsky,rozowsky,total RNA,whole-transcriptome
SRR4421597,RNA-Seq,PRJNA30709,SAMN05896901,GEO,public,"fastq,run.zq,sra","gs,ncbi,s3","gs.us-east1,ncbi.public,s3.us-east-1",SRX2243904,GSM2343530,Illumina HiSeq 2500,PAIRED,cDNA,TRANSCRIPTOMIC,Homo sapiens,ILLUMINA,2016-11-14T00:00:00Z,ENCODE biosample ENCBS141UOA,SRP013565,202,12850604306,9365133605,2016-10-13T18:32:00Z,1.0,"Thomas Gingeras, CSHL",male,ENCDO451RUA,54 year,adult,tissue,,,,stomach,,,,,,,,,,,,,,,,,,,,,,,,,,,,,,,,,,,,,,,,,,,,,,,,,,,,,,,,,,,,,,,rozowsky,rozowsky,total RNA,whole-transcriptome
SRR4421631,RNA-Seq,PRJNA30709,SAMN05897083,GEO,public,"fastq,run.zq,sra","gs,ncbi,s3","gs.us-east1,ncbi.public,s3.us-east-1",SRX2243936,GSM2343558,Illumina HiSeq 2500,PAIRED,cDNA,TRANSCRIPTOMIC,Homo sapiens,ILLUMINA,2016-11-14T00:00:00Z,ENCODE biosample ENCBS320PNF,SRP013565,202,9306885582,6577639298,2016-10-14T11:34:00Z,1.0,"Thomas Gingeras, CSHL",male,ENCDO845WKR,37 year,adult,tissue,,,,upper lobe of left lung,,,,,,,,,,,,,,,,,,,,,,,,,,,,,,,,,,,,,,,,,,,,,,,,,,,,,,,,,,,,,,,rozowsky,rozowsky,total RNA,whole-transcriptome
SRR4421640,RNA-Seq,PRJNA30709,SAMN05896920,GEO,public,"fastq,run.zq,sra","gs,ncbi,s3","gs.us-east1,ncbi.public,s3.us-east-1",SRX2243944,GSM2343564,Illumina HiSeq 2000,PAIRED,cDNA,TRANSCRIPTOMIC,Homo sapiens,ILLUMINA,2016-11-14T00:00:00Z,ENCODE biosample ENCBS155WKB,SRP013565,202,11269753720,7106286189,2016-10-13T18:01:00Z,1.0,"Thomas Gingeras, CSHL",male,ENCDO845WKR,37 year,adult,tissue,,,,lower leg skin,,,,,,,,,,,,,,,,,,,,,,,,,,,,,,,,,,,,,,,,,,,,,,,,,,,,,,,,,,,,,,,rozowsky,rozowsky,total RNA,whole-transcriptome
SRR4421642,RNA-Seq,PRJNA30709,SAMN05897067,GEO,public,"fastq,run.zq,sra","gs,ncbi,s3","gs.us-east1,ncbi.public,s3.us-east-1",SRX2243946,GSM2343570,Illumina HiSeq 2500,PAIRED,cDNA,TRANSCRIPTOMIC,Homo sapiens,ILLUMINA,2016-11-14T00:00:00Z,ENCODE biosample ENCBS297IUS,SRP013565,202,9213171318,6992522534,2016-10-13T22:51:00Z,1.0,"Thomas Gingeras, CSHL",male,ENCDO845WKR,37 year,adult,tissue,,,,spleen,,,,,,,,,,,,,,,,,,,,,,,,,,,,,,,,,,,,,,,,,,,,,,,,,,,,,,,,,,,,,,,rozowsky,rozowsky,total RNA,whole-transcriptome
SRR4421667,RNA-Seq,PRJNA30709,SAMN05897027,GEO,public,"fastq,run.zq,sra","gs,ncbi,s3","gs.us-east1,ncbi.public,s3.us-east-1",SRX2243971,GSM2343589,Illumina HiSeq 2500,PAIRED,cDNA,TRANSCRIPTOMIC,Homo sapiens,ILLUMINA,2016-11-14T00:00:00Z,ENCODE biosample ENCBS255MJZ,SRP013565,202,5395216990,3479342107,2016-10-14T01:26:00Z,1.0,"Thomas Gingeras, CSHL",male,ENCDO451RUA,54 year,adult,tissue,,,,testis,,,,,,,,,,,,,,,,,,,,,,,,,,,,,,,,,,,,,,,,,,,,,,,,,,,,,,,,,,,,,,,rozowsky,rozowsky,total RNA,whole-transcriptome
SRR4421668,RNA-Seq,PRJNA30709,SAMN05897027,GEO,public,"fastq,run.zq,sra","gs,ncbi,s3","gs.us-east1,ncbi.public,s3.us-east-1",SRX2243971,GSM2343589,Illumina HiSeq 2500,PAIRED,cDNA,TRANSCRIPTOMIC,Homo sapiens,ILLUMINA,2016-11-14T00:00:00Z,ENCODE biosample ENCBS255MJZ,SRP013565,202,11525260692,4043732449,2016-10-13T23:04:00Z,1.0,"Thomas Gingeras, CSHL",male,ENCDO451RUA,54 year,adult,tissue,,,,testis,,,,,,,,,,,,,,,,,,,,,,,,,,,,,,,,,,,,,,,,,,,,,,,,,,,,,,,,,,,,,,,rozowsky,rozowsky,total RNA,whole-transcriptome
SRR4421678,RNA-Seq,PRJNA30709,SAMN05897265,GEO,public,"fastq,run.zq,sra","gs,ncbi,s3","gs.us-east1,ncbi.public,s3.us-east-1",SRX2243981,GSM2343599,Illumina HiSeq 2500,PAIRED,cDNA,TRANSCRIPTOMIC,Homo sapiens,ILLUMINA,2016-11-14T00:00:00Z,ENCODE biosample ENCBS504VDB,SRP013565,202,6924286492,4798567417,2016-10-14T13:33:00Z,1.0,"Thomas Gingeras, CSHL",female,ENCDO793LXB,53 year,adult,tissue,,,,esophagus squamous epithelium,,,,,,,,,,,,,,,,,,,,,,,,,,,,,,,,,,,,,,,,,,,,,,,,,,,,,,,,,,,,,,,rozowsky,rozowsky,total RNA,whole-transcriptome
SRR4421679,RNA-Seq,PRJNA30709,SAMN05897683,GEO,public,"fastq,run.zq,sra","gs,ncbi,s3","gs.us-east1,ncbi.public,s3.us-east-1",SRX2243982,GSM2343602,Illumina HiSeq 2500,PAIRED,cDNA,TRANSCRIPTOMIC,Homo sapiens,ILLUMINA,2016-11-14T00:00:00Z,ENCODE biosample ENCBS903FMK,SRP013565,202,11777497890,8167005898,2016-10-13T23:49:00Z,1.0,"Thomas Gingeras, CSHL",male,ENCDO845WKR,37 year,adult,tissue,,,,esophagus squamous epithelium,,,,,,,,,,,,,,,,,,,,,,,,,,,,,,,,,,,,,,,,,,,,,,,,,,,,,,,,,,,,,,,rozowsky,rozowsky,total RNA,whole-transcriptome
SRR4421747,RNA-Seq,PRJNA30709,SAMN05897087,GEO,public,"fastq,run.zq,sra","gs,ncbi,s3","gs.us-east1,ncbi.public,s3.us-east-1",SRX2244046,GSM2343662,Illumina HiSeq 2500,PAIRED,cDNA,TRANSCRIPTOMIC,Homo sapiens,ILLUMINA,2016-11-14T00:00:00Z,ENCODE biosample ENCBS323ATG,SRP013565,202,10052078126,7116229967,2016-10-14T01:41:00Z,1.0,"Thomas Gingeras, CSHL",female,ENCDO793LXB,53 year,adult,tissue,,,,heart left ventricle,,,,,,,,,,,,,,,,,,,,,,,,,,,,,,,,,,,,,,,,,,,,,,,,,,,,,,,,,,,,,,,rozowsky,rozowsky,total RNA,whole-transcriptome
SRR4421756,RNA-Seq,PRJNA30709,SAMN05897785,GEO,public,"fastq,run.zq,sra","gs,ncbi,s3","gs.us-east1,ncbi.public,s3.us-east-1",SRX2244055,GSM2343672,Illumina HiSeq 2500,PAIRED,cDNA,TRANSCRIPTOMIC,Homo sapiens,ILLUMINA,2016-11-14T00:00:00Z,ENCODE biosample ENCBS999VTF,SRP013565,202,15114234082,11143779467,2016-10-14T04:57:00Z,1.0,"Thomas Gingeras, CSHL",female,ENCDO271OUW,51 year,adult,tissue,,,,transverse colon,,,,,,,,,,,,,,,,,,,,,,,,,,,,,,,,,,,,,,,,,,,,,,,,,,,,,,,,,,,,,,,rozowsky,rozowsky,total RNA,whole-transcriptome
SRR4421758,RNA-Seq,PRJNA30709,SAMN05897353,GEO,public,"fastq,run.zq,sra","gs,ncbi,s3","gs.us-east1,ncbi.public,s3.us-east-1",SRX2244057,GSM2343673,Illumina HiSeq 2500,PAIRED,cDNA,TRANSCRIPTOMIC,Homo sapiens,ILLUMINA,2016-11-14T00:00:00Z,ENCODE biosample ENCBS596PXT,SRP013565,202,9514288880,6622632570,2016-10-13T23:47:00Z,1.0,"Thomas Gingeras, CSHL",female,ENCDO793LXB,53 year,adult,tissue,,,,upper lobe of left lung,,,,,,,,,,,,,,,,,,,,,,,,,,,,,,,,,,,,,,,,,,,,,,,,,,,,,,,,,,,,,,,rozowsky,rozowsky,total RNA,whole-transcriptome
SRR4421779,RNA-Seq,PRJNA30709,SAMN05897476,GEO,public,"fastq,run.zq,sra","gs,ncbi,s3","gs.us-east1,ncbi.public,s3.us-east-1",SRX2244078,GSM2343696,Illumina HiSeq 2500,PAIRED,cDNA,TRANSCRIPTOMIC,Homo sapiens,ILLUMINA,2016-11-14T00:00:00Z,ENCODE biosample ENCBS711XVO,SRP013565,202,9647292548,6904437259,2016-10-13T20:01:00Z,1.0,"Thomas Gingeras, CSHL",female,ENCDO271OUW,51 year,adult,tissue,,,,upper lobe of left lung,,,,,,,,,,,,,,,,,,,,,,,,,,,,,,,,,,,,,,,,,,,,,,,,,,,,,,,,,,,,,,,rozowsky,rozowsky,total RNA,whole-transcriptome
SRR4421786,RNA-Seq,PRJNA30709,SAMN05897246,GEO,public,"fastq,run.zq,sra","gs,ncbi,s3","gs.us-east1,ncbi.public,s3.us-east-1",SRX2244085,GSM2343701,Illumina HiSeq 2500,PAIRED,cDNA,TRANSCRIPTOMIC,Homo sapiens,ILLUMINA,2016-11-14T00:00:00Z,ENCODE biosample ENCBS490RBH,SRP013565,202,14626762228,10636805656,2016-10-13T18:07:00Z,1.0,"Thomas Gingeras, CSHL",female,ENCDO793LXB,53 year,adult,tissue,,,,breast epithelium,,,,,,,,,,,,,,,,,,,,,,,,,,,,,,,,,,,,,,,,,,,,,,,,,,,,,,,,,,,,,,,rozowsky,rozowsky,total RNA,whole-transcriptome
SRR4421789,RNA-Seq,PRJNA30709,SAMN05896802,GEO,public,"fastq,run.zq,sra","gs,ncbi,s3","gs.us-east1,ncbi.public,s3.us-east-1",SRX2244088,GSM2343702,Illumina HiSeq 2500,PAIRED,cDNA,TRANSCRIPTOMIC,Homo sapiens,ILLUMINA,2016-11-14T00:00:00Z,ENCODE biosample ENCBS038PFI,SRP013565,202,10752405662,7663069401,2016-10-14T08:54:00Z,1.0,"Thomas Gingeras, CSHL",female,ENCDO271OUW,51 year,adult,tissue,,,,heart left ventricle,,,,,,,,,,,,,,,,,,,,,,,,,,,,,,,,,,,,,,,,,,,,,,,,,,,,,,,,,,,,,,,rozowsky,rozowsky,total RNA,whole-transcriptome
SRR4421790,RNA-Seq,PRJNA30709,SAMN05896927,GEO,public,"fastq,run.zq,sra","gs,ncbi,s3","gs.us-east1,ncbi.public,s3.us-east-1",SRX2244089,GSM2343705,Illumina HiSeq 2500,PAIRED,cDNA,TRANSCRIPTOMIC,Homo sapiens,ILLUMINA,2016-11-14T00:00:00Z,ENCODE biosample ENCBS160KYO,SRP013565,202,15326251060,11084495461,2016-10-13T18:09:00Z,1.0,"Thomas Gingeras, CSHL",female,ENCDO271OUW,51 year,adult,tissue,,,,breast epithelium,,,,,,,,,,,,,,,,,,,,,,,,,,,,,,,,,,,,,,,,,,,,,,,,,,,,,,,,,,,,,,,rozowsky,rozowsky,total RNA,whole-transcriptome
SRR4421791,RNA-Seq,PRJNA30709,SAMN05897395,GEO,public,"fastq,run.zq,sra","gs,ncbi,s3","gs.us-east1,ncbi.public,s3.us-east-1",SRX2244090,GSM2343699,Illumina HiSeq 2000,PAIRED,cDNA,TRANSCRIPTOMIC,Homo sapiens,ILLUMINA,2016-11-14T00:00:00Z,ENCODE biosample ENCBS636GUU,SRP013565,202,9738295164,6238580753,2016-10-14T08:34:00Z,1.0,"Thomas Gingeras, CSHL",male,ENCDO845WKR,37 year,adult,tissue,,,,thoracic aorta,,,,,,,,,,,,,,,,,,,,,,,,,,,,,,,,,,,,,,,,,,,,,,,,,,,,,,,,,,,,,,,rozowsky,rozowsky,total RNA,whole-transcriptome
SRR4421792,RNA-Seq,PRJNA30709,SAMN05897395,GEO,public,"fastq,run.zq,sra","gs,ncbi,s3","gs.us-east1,ncbi.public,s3.us-east-1",SRX2244091,GSM2343700,Illumina HiSeq 2000,PAIRED,cDNA,TRANSCRIPTOMIC,Homo sapiens,ILLUMINA,2016-11-14T00:00:00Z,ENCODE biosample ENCBS636GUU,SRP013565,202,8323159318,5385225894,2016-10-14T06:00:00Z,1.0,"Thomas Gingeras, CSHL",male,ENCDO845WKR,37 year,adult,tissue,,,,thoracic aorta,,,,,,,,,,,,,,,,,,,,,,,,,,,,,,,,,,,,,,,,,,,,,,,,,,,,,,,,,,,,,,,rozowsky,rozowsky,total RNA,whole-transcriptome
SRR4421808,RNA-Seq,PRJNA30709,SAMN05896937,GEO,public,"fastq,run.zq,sra","gs,ncbi,s3","gs.us-east1,ncbi.public,s3.us-east-1",SRX2244099,GSM2343711,Illumina HiSeq 2500,PAIRED,cDNA,TRANSCRIPTOMIC,Homo sapiens,ILLUMINA,2016-11-14T00:00:00Z,ENCODE biosample ENCBS168WDM,SRP013565,202,7143583348,5409967094,2016-10-14T01:35:00Z,1.0,"Thomas Gingeras, CSHL",female,ENCDO271OUW,51 year,adult,tissue,,,,Peyer's patch,,,,,,,,,,,,,,,,,,,,,,,,,,,,,,,,,,,,,,,,,,,,,,,,,,,,,,,,,,,,,,,rozowsky,rozowsky,total RNA,whole-transcriptome
SRR4421809,RNA-Seq,PRJNA30709,SAMN05897341,GEO,public,"fastq,run.zq,sra","gs,ncbi,s3","gs.us-east1,ncbi.public,s3.us-east-1",SRX2244100,GSM2343712,Illumina HiSeq 2500,PAIRED,cDNA,TRANSCRIPTOMIC,Homo sapiens,ILLUMINA,2016-11-14T00:00:00Z,ENCODE biosample ENCBS586YKG,SRP013565,202,10405994246,7910301369,2016-10-14T13:36:00Z,1.0,"Thomas Gingeras, CSHL",female,ENCDO793LXB,53 year,adult,tissue,,,,suprapubic skin,,,,,,,,,,,,,,,,,,,,,,,,,,,,,,,,,,,,,,,,,,,,,,,,,,,,,,,,,,,,,,,rozowsky,rozowsky,total RNA,whole-transcriptome
SRR4421817,RNA-Seq,PRJNA30709,SAMN05897036,GEO,public,"fastq,run.zq,sra","gs,ncbi,s3","gs.us-east1,ncbi.public,s3.us-east-1",SRX2244108,GSM2343722,Illumina HiSeq 2500,PAIRED,cDNA,TRANSCRIPTOMIC,Homo sapiens,ILLUMINA,2016-11-14T00:00:00Z,ENCODE biosample ENCBS269BVG,SRP013565,202,8736275780,6231494461,2016-10-14T08:39:00Z,1.0,"Thomas Gingeras, CSHL",female,ENCDO271OUW,51 year,adult,tissue,,,,right atrium auricular region,,,,,,,,,,,,,,,,,,,,,,,,,,,,,,,,,,,,,,,,,,,,,,,,,,,,,,,,,,,,,,,rozowsky,rozowsky,total RNA,whole-transcriptome
SRR4421826,RNA-Seq,PRJNA30709,SAMN05897073,GEO,public,"fastq,run.zq,sra","gs,ncbi,s3","gs.us-east1,ncbi.public,s3.us-east-1",SRX2244115,GSM2343729,Illumina HiSeq 2000,PAIRED,cDNA,TRANSCRIPTOMIC,Homo sapiens,ILLUMINA,2016-11-14T00:00:00Z,ENCODE biosample ENCBS302SIZ,SRP013565,202,10485498618,6616869483,2016-10-14T04:45:00Z,1.0,"Thomas Gingeras, CSHL",male,ENCDO451RUA,54 year,adult,tissue,,,,lower leg skin,,,,,,,,,,,,,,,,,,,,,,,,,,,,,,,,,,,,,,,,,,,,,,,,,,,,,,,,,,,,,,,rozowsky,rozowsky,total RNA,whole-transcriptome
SRR4421836,RNA-Seq,PRJNA30709,SAMN05896850,GEO,public,"fastq,run.zq,sra","gs,ncbi,s3","gs.us-east1,ncbi.public,s3.us-east-1",SRX2244125,GSM2343737,Illumina HiSeq 2500,PAIRED,cDNA,TRANSCRIPTOMIC,Homo sapiens,ILLUMINA,2016-11-14T00:00:00Z,ENCODE biosample ENCBS085LTC,SRP013565,202,10902564180,7956458086,2016-10-14T14:33:00Z,1.0,"Thomas Gingeras, CSHL",male,ENCDO845WKR,37 year,adult,tissue,,,,stomach,,,,,,,,,,,,,,,,,,,,,,,,,,,,,,,,,,,,,,,,,,,,,,,,,,,,,,,,,,,,,,,rozowsky,rozowsky,total RNA,whole-transcriptome
SRR4421842,RNA-Seq,PRJNA30709,SAMN05897511,GEO,public,"fastq,run.zq,sra","gs,ncbi,s3","gs.us-east1,ncbi.public,s3.us-east-1",SRX2244131,GSM2343741,Illumina HiSeq 2500,PAIRED,cDNA,TRANSCRIPTOMIC,Homo sapiens,ILLUMINA,2016-11-14T00:00:00Z,ENCODE biosample ENCBS740AHU,SRP013565,202,12178203876,8401749289,2016-10-14T03:43:00Z,1.0,"Thomas Gingeras, CSHL",male,ENCDO451RUA,54 year,adult,tissue,,,,esophagus squamous epithelium,,,,,,,,,,,,,,,,,,,,,,,,,,,,,,,,,,,,,,,,,,,,,,,,,,,,,,,,,,,,,,,rozowsky,rozowsky,total RNA,whole-transcriptome
SRR4421845,RNA-Seq,PRJNA30709,SAMN05897130,GEO,public,"fastq,run.zq,sra","gs,ncbi,s3","gs.us-east1,ncbi.public,s3.us-east-1",SRX2244134,GSM2343747,Illumina HiSeq 2500,PAIRED,cDNA,TRANSCRIPTOMIC,Homo sapiens,ILLUMINA,2016-11-14T00:00:00Z,ENCODE biosample ENCBS375AFE,SRP013565,202,7153565178,5495485133,2016-10-14T01:37:00Z,1.0,"Thomas Gingeras, CSHL",female,ENCDO271OUW,51 year,adult,tissue,,,,suprapubic skin,,,,,,,,,,,,,,,,,,,,,,,,,,,,,,,,,,,,,,,,,,,,,,,,,,,,,,,,,,,,,,,rozowsky,rozowsky,total RNA,whole-transcriptome
SRR4421846,RNA-Seq,PRJNA30709,SAMN05897593,GEO,public,"fastq,run.zq,sra","gs,ncbi,s3","gs.us-east1,ncbi.public,s3.us-east-1",SRX2244135,GSM2343752,Illumina HiSeq 2500,PAIRED,cDNA,TRANSCRIPTOMIC,Homo sapiens,ILLUMINA,2016-11-14T00:00:00Z,ENCODE biosample ENCBS812ZNH,SRP013565,202,9048219532,6233848855,2016-10-14T09:36:00Z,1.0,"Thomas Gingeras, CSHL",male,ENCDO451RUA,54 year,adult,tissue,,,,gastroesophageal sphincter,,,,,,,,,,,,,,,,,,,,,,,,,,,,,,,,,,,,,,,,,,,,,,,,,,,,,,,,,,,,,,,rozowsky,rozowsky,total RNA,whole-transcriptome
SRR4421868,RNA-Seq,PRJNA30709,SAMN05897416,GEO,public,"fastq,run.zq,sra","gs,ncbi,s3","gs.us-east1,ncbi.public,s3.us-east-1",SRX2244157,GSM2343767,Illumina HiSeq 2500,PAIRED,cDNA,TRANSCRIPTOMIC,Homo sapiens,ILLUMINA,2016-11-14T00:00:00Z,ENCODE biosample ENCBS656EUB,SRP013565,202,7795125662,5559592975,2016-10-14T01:37:00Z,1.0,"Thomas Gingeras, CSHL",male,ENCDO845WKR,37 year,adult,tissue,,,,prostate gland,,,,,,,,,,,,,,,,,,,,,,,,,,,,,,,,,,,,,,,,,,,,,,,,,,,,,,,,,,,,,,,rozowsky,rozowsky,total RNA,whole-transcriptome
SRR4421874,RNA-Seq,PRJNA30709,SAMN05897573,GEO,public,"fastq,run.zq,sra","gs,ncbi,s3","gs.us-east1,ncbi.public,s3.us-east-1",SRX2244163,GSM2343776,Illumina HiSeq 2500,PAIRED,cDNA,TRANSCRIPTOMIC,Homo sapiens,ILLUMINA,2016-11-14T00:00:00Z,ENCODE biosample ENCBS796JPW,SRP013565,202,10668783520,7573825157,2016-10-14T07:38:00Z,1.0,"Thomas Gingeras, CSHL",female,ENCDO793LXB,53 year,adult,tissue,,,,right lobe of liver,,,,,,,,,,,,,,,,,,,,,,,,,,,,,,,,,,,,,,,,,,,,,,,,,,,,,,,,,,,,,,,rozowsky,rozowsky,total RNA,whole-transcriptome
SRR4421875,RNA-Seq,PRJNA30709,SAMN05897048,GEO,public,"fastq,run.zq,sra","gs,ncbi,s3","gs.us-east1,ncbi.public,s3.us-east-1",SRX2244164,GSM2343775,Illumina HiSeq 2500,PAIRED,cDNA,TRANSCRIPTOMIC,Homo sapiens,ILLUMINA,2016-11-14T00:00:00Z,ENCODE biosample ENCBS280PMM,SRP013565,202,11057427076,7665150012,2016-10-14T12:14:00Z,1.0,"Thomas Gingeras, CSHL",female,ENCDO793LXB,53 year,adult,tissue,,,,subcutaneous adipose tissue,,,,,,,,,,,,,,,,,,,,,,,,,,,,,,,,,,,,,,,,,,,,,,,,,,,,,,,,,,,,,,,rozowsky,rozowsky,total RNA,whole-transcriptome
SRR4421886,RNA-Seq,PRJNA30709,SAMN05897621,GEO,public,"fastq,run.zq,sra","gs,ncbi,s3","gs.us-east1,ncbi.public,s3.us-east-1",SRX2244175,GSM2343785,Illumina HiSeq 2500,PAIRED,cDNA,TRANSCRIPTOMIC,Homo sapiens,ILLUMINA,2016-11-14T00:00:00Z,ENCODE biosample ENCBS842VSS,SRP013565,202,8011072954,5590100030,2016-10-14T01:44:00Z,1.0,"Thomas Gingeras, CSHL",female,ENCDO271OUW,51 year,adult,tissue,,,,esophagus squamous epithelium,,,,,,,,,,,,,,,,,,,,,,,,,,,,,,,,,,,,,,,,,,,,,,,,,,,,,,,,,,,,,,,rozowsky,rozowsky,total RNA,whole-transcriptome
SRR4421916,RNA-Seq,PRJNA30709,SAMN05897339,GEO,public,"fastq,run.zq,sra","gs,ncbi,s3","gs.us-east1,ncbi.public,s3.us-east-1",SRX2244205,GSM2343809,Illumina HiSeq 2500,PAIRED,cDNA,TRANSCRIPTOMIC,Homo sapiens,ILLUMINA,2016-11-14T00:00:00Z,ENCODE biosample ENCBS581RWW,SRP013565,202,10633298382,7357020992,2016-10-14T14:31:00Z,1.0,"Thomas Gingeras, CSHL",male,ENCDO845WKR,37 year,adult,tissue,,,,gastroesophageal sphincter,,,,,,,,,,,,,,,,,,,,,,,,,,,,,,,,,,,,,,,,,,,,,,,,,,,,,,,,,,,,,,,rozowsky,rozowsky,total RNA,whole-transcriptome
SRR4421927,RNA-Seq,PRJNA30709,SAMN05897132,GEO,public,"fastq,run.zq,sra","gs,ncbi,s3","gs.us-east1,ncbi.public,s3.us-east-1",SRX2244216,GSM2343816,Illumina HiSeq 2000,PAIRED,cDNA,TRANSCRIPTOMIC,Homo sapiens,ILLUMINA,2016-11-14T00:00:00Z,ENCODE biosample ENCBS376ASB,SRP013565,202,10299339660,6692404690,2016-10-14T05:47:00Z,1.0,"Thomas Gingeras, CSHL",male,ENCDO845WKR,37 year,adult,tissue,,,,thyroid gland,,,,,,,,,,,,,,,,,,,,,,,,,,,,,,,,,,,,,,,,,,,,,,,,,,,,,,,,,,,,,,,rozowsky,rozowsky,total RNA,whole-transcriptome
SRR4421928,RNA-Seq,PRJNA30709,SAMN05897132,GEO,public,"fastq,run.zq,sra","gs,ncbi,s3","gs.us-east1,ncbi.public,s3.us-east-1",SRX2244217,GSM2343817,Illumina HiSeq 2000,PAIRED,cDNA,TRANSCRIPTOMIC,Homo sapiens,ILLUMINA,2016-11-14T00:00:00Z,ENCODE biosample ENCBS376ASB,SRP013565,202,8479069988,5534892906,2016-10-13T17:59:00Z,1.0,"Thomas Gingeras, CSHL",male,ENCDO845WKR,37 year,adult,tissue,,,,thyroid gland,,,,,,,,,,,,,,,,,,,,,,,,,,,,,,,,,,,,,,,,,,,,,,,,,,,,,,,,,,,,,,,rozowsky,rozowsky,total RNA,whole-transcriptome
SRR4421945,RNA-Seq,PRJNA30709,SAMN05897003,GEO,public,"fastq,run.zq,sra","gs,ncbi,s3","gs.us-east1,ncbi.public,s3.us-east-1",SRX2244234,GSM2343834,Illumina HiSeq 2500,PAIRED,cDNA,TRANSCRIPTOMIC,Homo sapiens,ILLUMINA,2016-11-14T00:00:00Z,ENCODE biosample ENCBS231DCI,SRP013565,202,9922787622,7445262012,2016-10-14T07:44:00Z,1.0,"Thomas Gingeras, CSHL",female,ENCDO793LXB,53 year,adult,tissue,,,,Peyer's patch,,,,,,,,,,,,,,,,,,,,,,,,,,,,,,,,,,,,,,,,,,,,,,,,,,,,,,,,,,,,,,,rozowsky,rozowsky,total RNA,whole-transcriptome
SRR4421946,RNA-Seq,PRJNA30709,SAMN05897613,GEO,public,"fastq,run.zq,sra","gs,ncbi,s3","gs.us-east1,ncbi.public,s3.us-east-1",SRX2244235,GSM2343841,Illumina HiSeq 2500,PAIRED,cDNA,TRANSCRIPTOMIC,Homo sapiens,ILLUMINA,2016-11-14T00:00:00Z,ENCODE biosample ENCBS836VES,SRP013565,202,10667637372,7657325758,2016-10-14T04:41:00Z,1.0,"Thomas Gingeras, CSHL",female,ENCDO271OUW,51 year,adult,tissue,,,,lower leg skin,,,,,,,,,,,,,,,,,,,,,,,,,,,,,,,,,,,,,,,,,,,,,,,,,,,,,,,,,,,,,,,rozowsky,rozowsky,total RNA,whole-transcriptome
SRR4421966,RNA-Seq,PRJNA30709,SAMN05897119,GEO,public,"fastq,run.zq,sra","gs,ncbi,s3","gs.us-east1,ncbi.public,s3.us-east-1",SRX2244255,GSM2343865,Illumina HiSeq 2500,PAIRED,cDNA,TRANSCRIPTOMIC,Homo sapiens,ILLUMINA,2016-11-14T00:00:00Z,ENCODE biosample ENCBS357SRJ,SRP013565,202,11294839696,8037963876,2016-10-13T20:06:00Z,1.0,"Thomas Gingeras, CSHL",female,ENCDO793LXB,53 year,adult,tissue,,,,right atrium auricular region,,,,,,,,,,,,,,,,,,,,,,,,,,,,,,,,,,,,,,,,,,,,,,,,,,,,,,,,,,,,,,,rozowsky,rozowsky,total RNA,whole-transcriptome
SRR4422046,RNA-Seq,PRJNA30709,SAMN05896839,GEO,public,"fastq,run.zq,sra","gs,ncbi,s3","gs.us-east1,ncbi.public,s3.us-east-1",SRX2244334,GSM2343934,Illumina HiSeq 2500,PAIRED,cDNA,TRANSCRIPTOMIC,Homo sapiens,ILLUMINA,2016-11-14T00:00:00Z,ENCODE biosample ENCBS072KNR,SRP013565,202,10668422546,7525216156,2016-10-14T09:45:00Z,1.0,"Thomas Gingeras, CSHL",female,ENCDO271OUW,51 year,adult,tissue,,,,esophagus muscularis mucosa,,,,,,,,,,,,,,,,,,,,,,,,,,,,,,,,,,,,,,,,,,,,,,,,,,,,,,,,,,,,,,,rozowsky,rozowsky,total RNA,whole-transcriptome
SRR4422057,RNA-Seq,PRJNA30709,SAMN05897430,GEO,public,"fastq,run.zq,sra","gs,ncbi,s3","gs.us-east1,ncbi.public,s3.us-east-1",SRX2244345,GSM2343949,Illumina HiSeq 2500,PAIRED,cDNA,TRANSCRIPTOMIC,Homo sapiens,ILLUMINA,2016-11-14T00:00:00Z,ENCODE biosample ENCBS668MJW,SRP013565,202,15010373156,10484038609,2016-10-14T12:19:00Z,1.0,"Thomas Gingeras, CSHL",male,ENCDO451RUA,54 year,adult,tissue,,,,transverse colon,,,,,,,,,,,,,,,,,,,,,,,,,,,,,,,,,,,,,,,,,,,,,,,,,,,,,,,,,,,,,,,rozowsky,rozowsky,total RNA,whole-transcriptome
SRR4422098,RNA-Seq,PRJNA30709,SAMN05897217,GEO,public,"fastq,run.zq,sra","gs,ncbi,s3","gs.us-east1,ncbi.public,s3.us-east-1",SRX2244386,GSM2343972,Illumina HiSeq 2500,PAIRED,cDNA,TRANSCRIPTOMIC,Homo sapiens,ILLUMINA,2016-11-14T00:00:00Z,ENCODE biosample ENCBS460FHO,SRP013565,202,8814901452,6203126337,2016-10-13T18:04:00Z,1.0,"Thomas Gingeras, CSHL",female,ENCDO793LXB,53 year,adult,tissue,,,,omental fat pad,,,,,,,,,,,,,,,,,,,,,,,,,,,,,,,,,,,,,,,,,,,,,,,,,,,,,,,,,,,,,,,rozowsky,rozowsky,total RNA,whole-transcriptome
SRR4422106,RNA-Seq,PRJNA30709,SAMN05897409,GEO,public,"fastq,run.zq,sra","gs,ncbi,s3","gs.us-east1,ncbi.public,s3.us-east-1",SRX2244394,GSM2343978,Illumina HiSeq 2500,PAIRED,cDNA,TRANSCRIPTOMIC,Homo sapiens,ILLUMINA,2016-11-14T00:00:00Z,ENCODE biosample ENCBS649YYM,SRP013565,202,11825043034,8681348269,2016-10-14T09:44:00Z,1.0,"Thomas Gingeras, CSHL",male,ENCDO451RUA,54 year,adult,tissue,,,,tibial nerve,,,,,,,,,,,,,,,,,,,,,,,,,,,,,,,,,,,,,,,,,,,,,,,,,,,,,,,,,,,,,,,rozowsky,rozowsky,total RNA,whole-transcriptome
SRR4422107,RNA-Seq,PRJNA30709,SAMN05897646,GEO,public,"fastq,run.zq,sra","gs,ncbi,s3","gs.us-east1,ncbi.public,s3.us-east-1",SRX2244395,GSM2344016,Illumina HiSeq 2500,PAIRED,cDNA,TRANSCRIPTOMIC,Homo sapiens,ILLUMINA,2016-11-14T00:00:00Z,ENCODE biosample ENCBS868XRL,SRP013565,202,12310174112,8757751709,2016-10-15T11:36:00Z,1.0,"Thomas Gingeras, CSHL",female,ENCDO793LXB,53 year,adult,tissue,,,,gastrocnemius medialis,,,,,,,,,,,,,,,,,,,,,,,,,,,,,,,,,,,,,,,,,,,,,,,,,,,,,,,,,,,,,,,rozowsky,rozowsky,total RNA,whole-transcriptome
SRR4422136,RNA-Seq,PRJNA30709,SAMN05897145,GEO,public,"fastq,run.zq,sra","gs,ncbi,s3","gs.us-east1,ncbi.public,s3.us-east-1",SRX2244424,GSM2344001,Illumina HiSeq 2500,PAIRED,cDNA,TRANSCRIPTOMIC,Homo sapiens,ILLUMINA,2016-11-14T00:00:00Z,ENCODE biosample ENCBS389HVX,SRP013565,202,9770647282,7266518161,2016-10-14T14:49:00Z,1.0,"Thomas Gingeras, CSHL",female,ENCDO271OUW,51 year,adult,tissue,,,,body of pancreas,,,,,,,,,,,,,,,,,,,,,,,,,,,,,,,,,,,,,,,,,,,,,,,,,,,,,,,,,,,,,,,rozowsky,rozowsky,total RNA,whole-transcriptome
SRR4422144,RNA-Seq,PRJNA30709,SAMN05896958,GEO,public,"fastq,run.zq,sra","gs,ncbi,s3","gs.us-east1,ncbi.public,s3.us-east-1",SRX2244432,GSM2344003,Illumina HiSeq 2500,PAIRED,cDNA,TRANSCRIPTOMIC,Homo sapiens,ILLUMINA,2016-11-14T00:00:00Z,ENCODE biosample ENCBS183IBX,SRP013565,202,10504558328,7300911064,2016-10-14T05:46:00Z,1.0,"Thomas Gingeras, CSHL",male,ENCDO451RUA,54 year,adult,tissue,,,,subcutaneous adipose tissue,,,,,,,,,,,,,,,,,,,,,,,,,,,,,,,,,,,,,,,,,,,,,,,,,,,,,,,,,,,,,,,rozowsky,rozowsky,total RNA,whole-transcriptome
SRR4422147,RNA-Seq,PRJNA30709,SAMN05897539,GEO,public,"fastq,run.zq,sra","gs,ncbi,s3","gs.us-east1,ncbi.public,s3.us-east-1",SRX2244435,GSM2343980,Illumina HiSeq 2500,PAIRED,cDNA,TRANSCRIPTOMIC,Homo sapiens,ILLUMINA,2016-11-14T00:00:00Z,ENCODE biosample ENCBS767MGS,SRP013565,202,12447976492,9121348473,2016-10-14T07:46:00Z,1.0,"Thomas Gingeras, CSHL",male,ENCDO845WKR,37 year,adult,tissue,,,,transverse colon,,,,,,,,,,,,,,,,,,,,,,,,,,,,,,,,,,,,,,,,,,,,,,,,,,,,,,,,,,,,,,,rozowsky,rozowsky,total RNA,whole-transcriptome
SRR4422152,RNA-Seq,PRJNA30709,SAMN05896882,GEO,public,"fastq,run.zq,sra","gs,ncbi,s3","gs.us-east1,ncbi.public,s3.us-east-1",SRX2244440,GSM2344026,Illumina HiSeq 2500,PAIRED,cDNA,TRANSCRIPTOMIC,Homo sapiens,ILLUMINA,2016-11-14T00:00:00Z,ENCODE biosample ENCBS123ACX,SRP013565,202,4495798052,2904574004,2016-10-14T01:26:00Z,1.0,"Thomas Gingeras, CSHL",female,ENCDO271OUW,51 year,adult,tissue,,,,thyroid gland,,,,,,,,,,,,,,,,,,,,,,,,,,,,,,,,,,,,,,,,,,,,,,,,,,,,,,,,,,,,,,,rozowsky,rozowsky,total RNA,whole-transcriptome
SRR4422153,RNA-Seq,PRJNA30709,SAMN05896882,GEO,public,"fastq,run.zq","gs,ncbi,s3","gs.us-east1,ncbi.public,s3.us-east-1",SRX2244440,GSM2344026,Illumina HiSeq 2500,PAIRED,cDNA,TRANSCRIPTOMIC,Homo sapiens,ILLUMINA,2016-11-14T00:00:00Z,ENCODE biosample ENCBS123ACX,SRP013565,202,12059577962,4284885301,,,"Thomas Gingeras, CSHL",female,ENCDO271OUW,51 year,adult,tissue,,,,thyroid gland,,,,,,,,,,,,,,,,,,,,,,,,,,,,,,,,,,,,,,,,,,,,,,,,,,,,,,,,,,,,,,,rozowsky,rozowsky,total RNA,whole-transcriptome
SRR4422158,RNA-Seq,PRJNA30709,SAMN05897060,GEO,public,"fastq,run.zq,sra","gs,ncbi,s3","gs.us-east1,ncbi.public,s3.us-east-1",SRX2244445,GSM2344053,Illumina HiSeq 2500,PAIRED,cDNA,TRANSCRIPTOMIC,Homo sapiens,ILLUMINA,2016-11-14T00:00:00Z,ENCODE biosample ENCBS291PVP,SRP013565,202,13342791244,9533003194,2016-10-14T08:41:00Z,1.0,"Thomas Gingeras, CSHL",male,ENCDO451RUA,54 year,adult,tissue,,,,prostate gland,,,,,,,,,,,,,,,,,,,,,,,,,,,,,,,,,,,,,,,,,,,,,,,,,,,,,,,,,,,,,,,rozowsky,rozowsky,total RNA,whole-transcriptome
SRR4422184,RNA-Seq,PRJNA30709,SAMN05896939,GEO,public,"fastq,run.zq,sra","gs,ncbi,s3","gs.us-east1,ncbi.public,s3.us-east-1",SRX2244471,GSM2344057,Illumina HiSeq 2500,PAIRED,cDNA,TRANSCRIPTOMIC,Homo sapiens,ILLUMINA,2016-11-14T00:00:00Z,ENCODE biosample ENCBS171DKK,SRP013565,202,9255237212,6455893616,2016-10-14T04:44:00Z,1.0,"Thomas Gingeras, CSHL",male,ENCDO845WKR,37 year,adult,tissue,,,,subcutaneous adipose tissue,,,,,,,,,,,,,,,,,,,,,,,,,,,,,,,,,,,,,,,,,,,,,,,,,,,,,,,,,,,,,,,rozowsky,rozowsky,total RNA,whole-transcriptome
SRR4422192,RNA-Seq,PRJNA30709,SAMN05897237,GEO,public,"fastq,run.zq,sra","gs,ncbi,s3","gs.us-east1,ncbi.public,s3.us-east-1",SRX2244479,GSM2344072,Illumina HiSeq 2500,PAIRED,cDNA,TRANSCRIPTOMIC,Homo sapiens,ILLUMINA,2016-11-14T00:00:00Z,ENCODE biosample ENCBS482ANH,SRP013565,202,10356758160,7555408921,2016-10-13T18:07:00Z,1.0,"Thomas Gingeras, CSHL",female,ENCDO793LXB,53 year,adult,tissue,,,,ascending aorta,,,,,,,,,,,,,,,,,,,,,,,,,,,,,,,,,,,,,,,,,,,,,,,,,,,,,,,,,,,,,,,rozowsky,rozowsky,total RNA,whole-transcriptome
SRR4422204,RNA-Seq,PRJNA30709,SAMN05896757,GEO,public,"fastq,run.zq,sra","gs,ncbi,s3","gs.us-east1,ncbi.public,s3.us-east-1",SRX2244491,GSM2344105,Illumina HiSeq 2500,PAIRED,cDNA,TRANSCRIPTOMIC,Homo sapiens,ILLUMINA,2016-11-14T00:00:00Z,ENCODE biosample ENCBS006KAW,SRP013565,202,11771442132,8421079353,2016-10-13T18:46:00Z,1.0,"Thomas Gingeras, CSHL",female,ENCDO793LXB,53 year,adult,tissue,,,,adrenal gland,,,,,,,,,,,,,,,,,,,,,,,,,,,,,,,,,,,,,,,,,,,,,,,,,,,,,,,,,,,,,,,rozowsky,rozowsky,total RNA,whole-transcriptome
SRR4422207,RNA-Seq,PRJNA30709,SAMN05897500,GEO,public,"fastq,run.zq,sra","gs,ncbi,s3","gs.us-east1,ncbi.public,s3.us-east-1",SRX2244494,GSM2344101,Illumina HiSeq 2500,PAIRED,cDNA,TRANSCRIPTOMIC,Homo sapiens,ILLUMINA,2016-11-14T00:00:00Z,ENCODE biosample ENCBS730TAX,SRP013565,202,10285305306,7321968100,2016-10-14T05:41:00Z,1.0,"Thomas Gingeras, CSHL",male,ENCDO451RUA,54 year,adult,tissue,,,,esophagus muscularis mucosa,,,,,,,,,,,,,,,,,,,,,,,,,,,,,,,,,,,,,,,,,,,,,,,,,,,,,,,,,,,,,,,rozowsky,rozowsky,total RNA,whole-transcriptome
SRR4422210,RNA-Seq,PRJNA30709,SAMN05897362,GEO,public,"fastq,run.zq,sra","gs,ncbi,s3","gs.us-east1,ncbi.public,s3.us-east-1",SRX2244497,GSM2344102,Illumina HiSeq 2500,PAIRED,cDNA,TRANSCRIPTOMIC,Homo sapiens,ILLUMINA,2016-11-14T00:00:00Z,ENCODE biosample ENCBS607DWD,SRP013565,202,11649980138,8332648644,2016-10-14T05:51:00Z,1.0,"Thomas Gingeras, CSHL",female,ENCDO793LXB,53 year,adult,tissue,,,,stomach,,,,,,,,,,,,,,,,,,,,,,,,,,,,,,,,,,,,,,,,,,,,,,,,,,,,,,,,,,,,,,,rozowsky,rozowsky,total RNA,whole-transcriptome
SRR4422216,RNA-Seq,PRJNA30709,SAMN05897274,GEO,public,"fastq,run.zq,sra","gs,ncbi,s3","gs.us-east1,ncbi.public,s3.us-east-1",SRX2244503,GSM2344082,Illumina HiSeq 2500,PAIRED,cDNA,TRANSCRIPTOMIC,Homo sapiens,ILLUMINA,2016-11-14T00:00:00Z,ENCODE biosample ENCBS517FSZ,SRP013565,202,10710571058,7591720267,2016-10-14T07:43:00Z,1.0,"Thomas Gingeras, CSHL",male,ENCDO845WKR,37 year,adult,tissue,,,,omental fat pad,,,,,,,,,,,,,,,,,,,,,,,,,,,,,,,,,,,,,,,,,,,,,,,,,,,,,,,,,,,,,,,rozowsky,rozowsky,total RNA,whole-transcriptome
SRR4422217,RNA-Seq,PRJNA30709,SAMN05897374,GEO,public,"fastq,run.zq,sra","gs,ncbi,s3","gs.us-east1,ncbi.public,s3.us-east-1",SRX2244504,GSM2344087,Illumina HiSeq 2500,PAIRED,cDNA,TRANSCRIPTOMIC,Homo sapiens,ILLUMINA,2016-11-14T00:00:00Z,ENCODE biosample ENCBS616IQR,SRP013565,202,8290946580,5723328489,2016-10-13T18:32:00Z,1.0,"Thomas Gingeras, CSHL",female,ENCDO793LXB,53 year,adult,tissue,,,,gastroesophageal sphincter,,,,,,,,,,,,,,,,,,,,,,,,,,,,,,,,,,,,,,,,,,,,,,,,,,,,,,,,,,,,,,,rozowsky,rozowsky,total RNA,whole-transcriptome
SRR4422282,RNA-Seq,PRJNA30709,SAMN05896791,GEO,public,"fastq,run.zq,sra","gs,ncbi,s3","gs.us-east1,ncbi.public,s3.us-east-1",SRX2244566,GSM2344171,Illumina HiSeq 2500,PAIRED,cDNA,TRANSCRIPTOMIC,Homo sapiens,ILLUMINA,2016-11-14T00:00:00Z,ENCODE biosample ENCBS024TYX,SRP013565,202,6988867912,5301837268,2016-10-14T08:34:00Z,1.0,"Thomas Gingeras, CSHL",male,ENCDO845WKR,37 year,adult,tissue,,,,Peyer's patch,,,,,,,,,,,,,,,,,,,,,,,,,,,,,,,,,,,,,,,,,,,,,,,,,,,,,,,,,,,,,,,rozowsky,rozowsky,total RNA,whole-transcriptome
SRR4422292,RNA-Seq,PRJNA30709,SAMN05897674,GEO,public,"fastq,run.zq,sra","gs,ncbi,s3","gs.us-east1,ncbi.public,s3.us-east-1",SRX2244576,GSM2344186,Illumina HiSeq 2500,PAIRED,cDNA,TRANSCRIPTOMIC,Homo sapiens,ILLUMINA,2016-11-14T00:00:00Z,ENCODE biosample ENCBS894VJJ,SRP013565,202,10287336820,7039956407,2016-10-13T18:12:00Z,1.0,"Thomas Gingeras, CSHL",male,ENCDO451RUA,54 year,adult,tissue,,,,sigmoid colon,,,,,,,,,,,,,,,,,,,,,,,,,,,,,,,,,,,,,,,,,,,,,,,,,,,,,,,,,,,,,,,rozowsky,rozowsky,total RNA,whole-transcriptome
SRR4422293,RNA-Seq,PRJNA30709,SAMN05897761,GEO,public,"fastq,run.zq,sra","gs,ncbi,s3","gs.us-east1,ncbi.public,s3.us-east-1",SRX2244577,GSM2344169,Illumina HiSeq 2500,PAIRED,cDNA,TRANSCRIPTOMIC,Homo sapiens,ILLUMINA,2016-11-14T00:00:00Z,ENCODE biosample ENCBS974EYF,SRP013565,202,15854919198,10975487602,2016-10-14T16:02:00Z,1.0,"Thomas Gingeras, CSHL",female,ENCDO793LXB,53 year,adult,tissue,,,,transverse colon,,,,,,,,,,,,,,,,,,,,,,,,,,,,,,,,,,,,,,,,,,,,,,,,,,,,,,,,,,,,,,,rozowsky,rozowsky,total RNA,whole-transcriptome
SRR4422339,RNA-Seq,PRJNA30709,SAMN05897186,GEO,public,"fastq,run.zq,sra","gs,ncbi,s3","gs.us-east1,ncbi.public,s3.us-east-1",SRX2244617,GSM2344170,Illumina HiSeq 2500,PAIRED,cDNA,TRANSCRIPTOMIC,Homo sapiens,ILLUMINA,2016-11-14T00:00:00Z,ENCODE biosample ENCBS423TBO,SRP013565,202,10406409356,7635860918,2016-10-14T03:40:00Z,1.0,"Thomas Gingeras, CSHL",female,ENCDO271OUW,51 year,adult,tissue,,,,adrenal gland,,,,,,,,,,,,,,,,,,,,,,,,,,,,,,,,,,,,,,,,,,,,,,,,,,,,,,,,,,,,,,,rozowsky,rozowsky,total RNA,whole-transcriptome
SRR4422344,RNA-Seq,PRJNA30709,SAMN05896986,GEO,public,"fastq,run.zq,sra","gs,ncbi,s3","gs.us-east1,ncbi.public,s3.us-east-1",SRX2244622,GSM2344212,Illumina HiSeq 2500,PAIRED,cDNA,TRANSCRIPTOMIC,Homo sapiens,ILLUMINA,2016-11-14T00:00:00Z,ENCODE biosample ENCBS214FDP,SRP013565,202,8242352450,5652529449,2016-10-14T14:29:00Z,1.0,"Thomas Gingeras, CSHL",female,ENCDO271OUW,51 year,adult,tissue,,,,sigmoid colon,,,,,,,,,,,,,,,,,,,,,,,,,,,,,,,,,,,,,,,,,,,,,,,,,,,,,,,,,,,,,,,rozowsky,rozowsky,total RNA,whole-transcriptome
SRR4422345,RNA-Seq,PRJNA30709,SAMN05897316,GEO,public,"fastq,run.zq,sra","gs,ncbi,s3","gs.us-east1,ncbi.public,s3.us-east-1",SRX2244623,GSM2344222,Illumina HiSeq 2000,PAIRED,cDNA,TRANSCRIPTOMIC,Homo sapiens,ILLUMINA,2016-11-14T00:00:00Z,ENCODE biosample ENCBS560HZX,SRP013565,202,10607586812,6667696028,2016-10-13T23:50:00Z,1.0,"Thomas Gingeras, CSHL",male,ENCDO451RUA,54 year,adult,tissue,,,,thoracic aorta,,,,,,,,,,,,,,,,,,,,,,,,,,,,,,,,,,,,,,,,,,,,,,,,,,,,,,,,,,,,,,,rozowsky,rozowsky,total RNA,whole-transcriptome
SRR4422346,RNA-Seq,PRJNA30709,SAMN05897040,GEO,public,"fastq,run.zq,sra","gs,ncbi,s3","gs.us-east1,ncbi.public,s3.us-east-1",SRX2244624,GSM2344225,Illumina HiSeq 2500,PAIRED,cDNA,TRANSCRIPTOMIC,Homo sapiens,ILLUMINA,2016-11-14T00:00:00Z,ENCODE biosample ENCBS271JIM,SRP013565,202,9072220566,6425323752,2016-10-13T23:47:00Z,1.0,"Thomas Gingeras, CSHL",male,ENCDO451RUA,54 year,adult,tissue,,,,upper lobe of left lung,,,,,,,,,,,,,,,,,,,,,,,,,,,,,,,,,,,,,,,,,,,,,,,,,,,,,,,,,,,,,,,rozowsky,rozowsky,total RNA,whole-transcriptome
SRR4422347,RNA-Seq,PRJNA30709,SAMN05897445,GEO,public,"fastq,run.zq,sra","gs,ncbi,s3","gs.us-east1,ncbi.public,s3.us-east-1",SRX2244625,GSM2344226,Illumina HiSeq 2500,PAIRED,cDNA,TRANSCRIPTOMIC,Homo sapiens,ILLUMINA,2016-11-14T00:00:00Z,ENCODE biosample ENCBS688BQS,SRP013565,202,10918393506,7877648453,2016-10-13T20:25:00Z,1.0,"Thomas Gingeras, CSHL",female,ENCDO793LXB,53 year,adult,tissue,,,,ovary,,,,,,,,,,,,,,,,,,,,,,,,,,,,,,,,,,,,,,,,,,,,,,,,,,,,,,,,,,,,,,,rozowsky,rozowsky,total RNA,whole-transcriptome
SRR4422371,RNA-Seq,PRJNA30709,SAMN05897297,GEO,public,"fastq,run.zq,sra","gs,ncbi,s3","gs.us-east1,ncbi.public,s3.us-east-1",SRX2244649,GSM2344246,Illumina HiSeq 2000,PAIRED,cDNA,TRANSCRIPTOMIC,Homo sapiens,ILLUMINA,2016-11-14T00:00:00Z,ENCODE biosample ENCBS543SZC,SRP013565,202,10712942134,6943945515,2016-10-13T18:13:00Z,1.0,"Thomas Gingeras, CSHL",male,ENCDO845WKR,37 year,adult,tissue,,,,gastrocnemius medialis,,,,,,,,,,,,,,,,,,,,,,,,,,,,,,,,,,,,,,,,,,,,,,,,,,,,,,,,,,,,,,,rozowsky,rozowsky,total RNA,whole-transcriptome
SRR4422372,RNA-Seq,PRJNA30709,SAMN05897297,GEO,public,"fastq,run.zq,sra","gs,ncbi,s3","gs.us-east1,ncbi.public,s3.us-east-1",SRX2244650,GSM2344247,Illumina HiSeq 2000,PAIRED,cDNA,TRANSCRIPTOMIC,Homo sapiens,ILLUMINA,2016-11-14T00:00:00Z,ENCODE biosample ENCBS543SZC,SRP013565,202,9335771582,6097896980,2016-10-13T19:53:00Z,1.0,"Thomas Gingeras, CSHL",male,ENCDO845WKR,37 year,adult,tissue,,,,gastrocnemius medialis,,,,,,,,,,,,,,,,,,,,,,,,,,,,,,,,,,,,,,,,,,,,,,,,,,,,,,,,,,,,,,,rozowsky,rozowsky,total RNA,whole-transcriptome
SRR4422373,RNA-Seq,PRJNA30709,SAMN05896801,GEO,public,"fastq,run.zq,sra","gs,ncbi,s3","gs.us-east1,ncbi.public,s3.us-east-1",SRX2244651,GSM2344250,Illumina HiSeq 2500,PAIRED,cDNA,TRANSCRIPTOMIC,Homo sapiens,ILLUMINA,2016-11-14T00:00:00Z,ENCODE biosample ENCBS038PAI,SRP013565,202,12194946040,9049953920,2016-10-13T18:27:00Z,1.0,"Thomas Gingeras, CSHL",female,ENCDO271OUW,51 year,adult,tissue,,,,stomach,,,,,,,,,,,,,,,,,,,,,,,,,,,,,,,,,,,,,,,,,,,,,,,,,,,,,,,,,,,,,,,rozowsky,rozowsky,total RNA,whole-transcriptome
SRR4422379,RNA-Seq,PRJNA30709,SAMN05897273,GEO,public,"fastq,run.zq,sra","gs,ncbi,s3","gs.us-east1,ncbi.public,s3.us-east-1",SRX2244656,GSM2344258,Illumina HiSeq 2500,PAIRED,cDNA,TRANSCRIPTOMIC,Homo sapiens,ILLUMINA,2016-11-14T00:00:00Z,ENCODE biosample ENCBS516KIQ,SRP013565,202,8523914998,5901602118,2016-10-13T18:15:00Z,1.0,"Thomas Gingeras, CSHL",male,ENCDO845WKR,37 year,adult,tissue,,,,sigmoid colon,,,,,,,,,,,,,,,,,,,,,,,,,,,,,,,,,,,,,,,,,,,,,,,,,,,,,,,,,,,,,,,rozowsky,rozowsky,total RNA,whole-transcriptome
SRR4422380,RNA-Seq,PRJNA30709,SAMN05897772,GEO,public,"fastq,run.zq,sra","gs,ncbi,s3","gs.us-east1,ncbi.public,s3.us-east-1",SRX2244657,GSM2344168,Illumina HiSeq 2500,PAIRED,cDNA,TRANSCRIPTOMIC,Homo sapiens,ILLUMINA,2016-11-14T00:00:00Z,ENCODE biosample ENCBS986CBC,SRP013565,202,12174887844,8991690405,2016-10-13T18:18:00Z,1.0,"Thomas Gingeras, CSHL",male,ENCDO845WKR,37 year,adult,tissue,,,,tibial nerve,,,,,,,,,,,,,,,,,,,,,,,,,,,,,,,,,,,,,,,,,,,,,,,,,,,,,,,,,,,,,,,rozowsky,rozowsky,total RNA,whole-transcriptome
SRR4422381,RNA-Seq,PRJNA30709,SAMN05897120,GEO,public,"fastq,run.zq,sra","gs,ncbi,s3","gs.us-east1,ncbi.public,s3.us-east-1",SRX2244658,GSM2344259,Illumina HiSeq 2500,PAIRED,cDNA,TRANSCRIPTOMIC,Homo sapiens,ILLUMINA,2016-11-14T00:00:00Z,ENCODE biosample ENCBS358ZMI,SRP013565,202,11321063336,8391126804,2016-10-14T09:45:00Z,1.0,"Thomas Gingeras, CSHL",female,ENCDO793LXB,53 year,adult,tissue,,,,tibial nerve,,,,,,,,,,,,,,,,,,,,,,,,,,,,,,,,,,,,,,,,,,,,,,,,,,,,,,,,,,,,,,,rozowsky,rozowsky,total RNA,whole-transcriptome
SRR4422402,RNA-Seq,PRJNA30709,SAMN05896991,GEO,public,"fastq,run.zq,sra","gs,ncbi,s3","gs.us-east1,ncbi.public,s3.us-east-1",SRX2244675,GSM2344268,Illumina HiSeq 2500,PAIRED,cDNA,TRANSCRIPTOMIC,Homo sapiens,ILLUMINA,2016-11-14T00:00:00Z,ENCODE biosample ENCBS218MJW,SRP013565,202,7518319002,5755015437,2016-10-13T18:18:00Z,1.0,"Thomas Gingeras, CSHL",male,ENCDO845WKR,37 year,adult,tissue,,,,suprapubic skin,,,,,,,,,,,,,,,,,,,,,,,,,,,,,,,,,,,,,,,,,,,,,,,,,,,,,,,,,,,,,,,rozowsky,rozowsky,total RNA,whole-transcriptome
SRR4422445,RNA-Seq,PRJNA30709,SAMN05896984,GEO,public,"fastq,run.zq,sra","gs,ncbi,s3","gs.us-east1,ncbi.public,s3.us-east-1",SRX2244718,GSM2344317,Illumina HiSeq 2500,PAIRED,cDNA,TRANSCRIPTOMIC,Homo sapiens,ILLUMINA,2016-11-14T00:00:00Z,ENCODE biosample ENCBS213OJV,SRP013565,202,9467191368,7145541305,2016-10-14T03:39:00Z,1.0,"Thomas Gingeras, CSHL",female,ENCDO793LXB,53 year,adult,tissue,,,,spleen,,,,,,,,,,,,,,,,,,,,,,,,,,,,,,,,,,,,,,,,,,,,,,,,,,,,,,,,,,,,,,,rozowsky,rozowsky,total RNA,whole-transcriptome
SRR4422516,RNA-Seq,PRJNA30709,SAMN05897494,GEO,public,"fastq,run.zq,sra","gs,ncbi,s3","gs.us-east1,ncbi.public,s3.us-east-1",SRX2244786,GSM2344380,Illumina HiSeq 2000,PAIRED,cDNA,TRANSCRIPTOMIC,Homo sapiens,ILLUMINA,2016-11-14T00:00:00Z,ENCODE biosample ENCBS724UYV,SRP013565,202,8918362418,5800955488,2016-10-14T10:29:00Z,1.0,"Thomas Gingeras, CSHL",male,ENCDO451RUA,54 year,adult,tissue,,,,adrenal gland,,,,,,,,,,,,,,,,,,,,,,,,,,,,,,,,,,,,,,,,,,,,,,,,,,,,,,,,,,,,,,,rozowsky,rozowsky,total RNA,whole-transcriptome
SRR4422517,RNA-Seq,PRJNA30709,SAMN05897494,GEO,public,"fastq,run.zq,sra","gs,ncbi,s3","gs.us-east1,ncbi.public,s3.us-east-1",SRX2244787,GSM2344381,Illumina HiSeq 2000,PAIRED,cDNA,TRANSCRIPTOMIC,Homo sapiens,ILLUMINA,2016-11-14T00:00:00Z,ENCODE biosample ENCBS724UYV,SRP013565,202,8713907916,5709537233,2016-10-14T07:36:00Z,1.0,"Thomas Gingeras, CSHL",male,ENCDO451RUA,54 year,adult,tissue,,,,adrenal gland,,,,,,,,,,,,,,,,,,,,,,,,,,,,,,,,,,,,,,,,,,,,,,,,,,,,,,,,,,,,,,,rozowsky,rozowsky,total RNA,whole-transcriptome
SRR4422532,RNA-Seq,PRJNA30709,SAMN05897229,GEO,public,"fastq,run.zq,sra","gs,ncbi,s3","gs.us-east1,ncbi.public,s3.us-east-1",SRX2244802,GSM2344396,Illumina HiSeq 2500,PAIRED,cDNA,TRANSCRIPTOMIC,Homo sapiens,ILLUMINA,2016-11-14T00:00:00Z,ENCODE biosample ENCBS472LWI,SRP013565,202,11294382368,7933203075,2016-10-13T21:47:00Z,1.0,"Thomas Gingeras, CSHL",male,ENCDO451RUA,54 year,adult,tissue,,,,gastrocnemius medialis,,,,,,,,,,,,,,,,,,,,,,,,,,,,,,,,,,,,,,,,,,,,,,,,,,,,,,,,,,,,,,,rozowsky,rozowsky,total RNA,whole-transcriptome
SRR4422571,RNA-Seq,PRJNA30709,SAMN05897192,GEO,public,"fastq,run.zq,sra","gs,ncbi,s3","gs.us-east1,ncbi.public,s3.us-east-1",SRX2244838,GSM2344419,Illumina HiSeq 2500,PAIRED,cDNA,TRANSCRIPTOMIC,Homo sapiens,ILLUMINA,2016-11-14T00:00:00Z,ENCODE biosample ENCBS432ZSQ,SRP013565,202,10569417094,7620570376,2016-10-13T19:59:00Z,1.0,"Thomas Gingeras, CSHL",female,ENCDO793LXB,53 year,adult,tissue,,,,lower leg skin,,,,,,,,,,,,,,,,,,,,,,,,,,,,,,,,,,,,,,,,,,,,,,,,,,,,,,,,,,,,,,,rozowsky,rozowsky,total RNA,whole-transcriptome
SRR4422587,RNA-Seq,PRJNA30709,SAMN05897081,GEO,public,"fastq,run.zq,sra","gs,ncbi,s3","gs.us-east1,ncbi.public,s3.us-east-1",SRX2244854,GSM2343115,Illumina HiSeq 2500,PAIRED,cDNA,TRANSCRIPTOMIC,Homo sapiens,ILLUMINA,2016-11-14T00:00:00Z,ENCODE biosample ENCBS315DHM,SRP013565,202,5158413198,3338637896,2016-10-14T07:26:00Z,1.0,"Thomas Gingeras, CSHL",male,ENCDO845WKR,37 year,adult,tissue,,,,testis,,,,,,,,,,,,,,,,,,,,,,,,,,,,,,,,,,,,,,,,,,,,,,,,,,,,,,,,,,,,,,,rozowsky,rozowsky,total RNA,whole-transcriptome
SRR4422588,RNA-Seq,PRJNA30709,SAMN05897081,GEO,public,"fastq,run.zq,sra","gs,ncbi,s3","gs.us-east1,ncbi.public,s3.us-east-1",SRX2244854,GSM2343115,Illumina HiSeq 2500,PAIRED,cDNA,TRANSCRIPTOMIC,Homo sapiens,ILLUMINA,2016-11-14T00:00:00Z,ENCODE biosample ENCBS315DHM,SRP013565,202,13322747188,4702801719,2016-10-14T08:53:00Z,1.0,"Thomas Gingeras, CSHL",male,ENCDO845WKR,37 year,adult,tissue,,,,testis,,,,,,,,,,,,,,,,,,,,,,,,,,,,,,,,,,,,,,,,,,,,,,,,,,,,,,,,,,,,,,,rozowsky,rozowsky,total RNA,whole-transcriptome
SRR4422592,RNA-Seq,PRJNA30709,SAMN05897043,GEO,public,"fastq,run.zq,sra","gs,ncbi,s3","gs.us-east1,ncbi.public,s3.us-east-1",SRX2244858,GSM2343885,Illumina HiSeq 2500,PAIRED,cDNA,TRANSCRIPTOMIC,Homo sapiens,ILLUMINA,2016-11-14T00:00:00Z,ENCODE biosample ENCBS273XDV,SRP013565,202,9792152808,7235908950,2016-10-13T18:22:00Z,1.0,"Thomas Gingeras, CSHL",female,ENCDO793LXB,53 year,adult,tissue,,,,body of pancreas,,,,,,,,,,,,,,,,,,,,,,,,,,,,,,,,,,,,,,,,,,,,,,,,,,,,,,,,,,,,,,,rozowsky,rozowsky,total RNA,whole-transcriptome
SRR4422603,RNA-Seq,PRJNA30709,SAMN05897654,GEO,public,"fastq,run.zq,sra","gs,ncbi,s3","gs.us-east1,ncbi.public,s3.us-east-1",SRX2244869,GSM2343128,Illumina HiSeq 2500,PAIRED,cDNA,TRANSCRIPTOMIC,Homo sapiens,ILLUMINA,2016-11-14T00:00:00Z,ENCODE biosample ENCBS874HID,SRP013565,202,10607125848,7337493764,2016-10-13T18:45:00Z,1.0,"Thomas Gingeras, CSHL",female,ENCDO271OUW,51 year,adult,tissue,,,,gastroesophageal sphincter,,,,,,,,,,,,,,,,,,,,,,,,,,,,,,,,,,,,,,,,,,,,,,,,,,,,,,,,,,,,,,,rozowsky,rozowsky,total RNA,whole-transcriptome
SRR4422613,RNA-Seq,PRJNA30709,SAMN05897384,GEO,public,"fastq,run.zq,sra","gs,ncbi,s3","gs.us-east1,ncbi.public,s3.us-east-1",SRX2244879,GSM2343107,Illumina HiSeq 2000,PAIRED,cDNA,TRANSCRIPTOMIC,Homo sapiens,ILLUMINA,2016-11-14T00:00:00Z,ENCODE biosample ENCBS624WYQ,SRP013565,202,8406452806,5399840470,2016-10-13T22:45:00Z,1.0,"Thomas Gingeras, CSHL",male,ENCDO451RUA,54 year,adult,tissue,,,,thyroid gland,,,,,,,,,,,,,,,,,,,,,,,,,,,,,,,,,,,,,,,,,,,,,,,,,,,,,,,,,,,,,,,rozowsky,rozowsky,total RNA,whole-transcriptome
SRR4422614,RNA-Seq,PRJNA30709,SAMN05897384,GEO,public,"fastq,run.zq,sra","gs,ncbi,s3","gs.us-east1,ncbi.public,s3.us-east-1",SRX2244880,GSM2343108,Illumina HiSeq 2000,PAIRED,cDNA,TRANSCRIPTOMIC,Homo sapiens,ILLUMINA,2016-11-14T00:00:00Z,ENCODE biosample ENCBS624WYQ,SRP013565,202,9070001394,5829936578,2016-10-14T07:53:00Z,1.0,"Thomas Gingeras, CSHL",male,ENCDO451RUA,54 year,adult,tissue,,,,thyroid gland,,,,,,,,,,,,,,,,,,,,,,,,,,,,,,,,,,,,,,,,,,,,,,,,,,,,,,,,,,,,,,,rozowsky,rozowsky,total RNA,whole-transcriptome
SRR4422625,RNA-Seq,PRJNA30709,SAMN05897475,GEO,public,"fastq,run.zq,sra","gs,ncbi,s3","gs.us-east1,ncbi.public,s3.us-east-1",SRX2244891,GSM2343138,Illumina HiSeq 2500,PAIRED,cDNA,TRANSCRIPTOMIC,Homo sapiens,ILLUMINA,2016-11-14T00:00:00Z,ENCODE biosample ENCBS711CPB,SRP013565,202,12978583628,9301329779,2016-10-14T02:40:00Z,1.0,"Thomas Gingeras, CSHL",female,ENCDO271OUW,51 year,adult,tissue,,,,ovary,,,,,,,,,,,,,,,,,,,,,,,,,,,,,,,,,,,,,,,,,,,,,,,,,,,,,,,,,,,,,,,rozowsky,rozowsky,total RNA,whole-transcriptome
SRR4422656,RNA-Seq,PRJNA30709,SAMN05897667,GEO,public,"fastq,run.zq,sra","gs,ncbi,s3","gs.us-east1,ncbi.public,s3.us-east-1",SRX2244920,GSM2343179,Illumina HiSeq 2500,PAIRED,cDNA,TRANSCRIPTOMIC,Homo sapiens,ILLUMINA,2016-11-14T00:00:00Z,ENCODE biosample ENCBS887WTT,SRP013565,202,9675958368,7281257225,2016-10-13T18:23:00Z,1.0,"Thomas Gingeras, CSHL",female,ENCDO271OUW,51 year,adult,tissue,,,,uterus,,,,,,,,,,,,,,,,,,,,,,,,,,,,,,,,,,,,,,,,,,,,,,,,,,,,,,,,,,,,,,,rozowsky,rozowsky,total RNA,whole-transcriptome
SRR4422666,RNA-Seq,PRJNA30709,SAMN05897670,GEO,public,"fastq,run.zq,sra","gs,ncbi,s3","gs.us-east1,ncbi.public,s3.us-east-1",SRX2244930,GSM2343187,Illumina HiSeq 2500,PAIRED,cDNA,TRANSCRIPTOMIC,Homo sapiens,ILLUMINA,2016-11-14T00:00:00Z,ENCODE biosample ENCBS889JOH,SRP013565,202,8710989016,6139340572,2016-10-14T01:41:00Z,1.0,"Thomas Gingeras, CSHL",male,ENCDO451RUA,54 year,adult,tissue,,,,omental fat pad,,,,,,,,,,,,,,,,,,,,,,,,,,,,,,,,,,,,,,,,,,,,,,,,,,,,,,,,,,,,,,,rozowsky,rozowsky,total RNA,whole-transcriptome
SRR4422692,RNA-Seq,PRJNA30709,SAMN05897212,GEO,public,"fastq,run.zq,sra","gs,ncbi,s3","gs.us-east1,ncbi.public,s3.us-east-1",SRX2244956,GSM2343212,Illumina HiSeq 2500,PAIRED,cDNA,TRANSCRIPTOMIC,Homo sapiens,ILLUMINA,2016-11-14T00:00:00Z,ENCODE biosample ENCBS453ISE,SRP013565,202,15340473880,11155462703,2016-10-13T19:21:00Z,1.0,"Thomas Gingeras, CSHL",male,ENCDO845WKR,37 year,adult,tissue,,,,breast epithelium,,,,,,,,,,,,,,,,,,,,,,,,,,,,,,,,,,,,,,,,,,,,,,,,,,,,,,,,,,,,,,,rozowsky,rozowsky,total RNA,whole-transcriptome
